weapon_type,distance_km,impact_force,target_type,time_of_day,weather_condition,attack_type
mortar,70.11800968795477,264.35007471674686,personnel,day,clear,0
aviation,54.073540268067916,244.79912003856816,personnel,day,clear,0
artillery,31.643234012346447,22.564612245153487,personnel,night,snowy,3
mortar,81.56570695098792,177.21143553681662,personnel,night,clear,2
mortar,68.78838608283405,196.29585320506996,personnel,night,rainy,0
aviation,17.099076995144237,205.42316263948123,building,night,foggy,3
artillery,91.1817912648904,294.2844609213928,personnel,day,clear,2
artillery,82.43118704939373,271.46524789617047,personnel,day,snowy,0
mortar,95.03019141590048,307.87349546878784,building,day,foggy,3
rocket,72.84623133044764,384.79279815564286,building,day,foggy,3
mortar,61.72810439764319,408.3630119708858,building,night,rainy,2
mortar,42.40606059277127,361.88030735098226,building,night,snowy,3
mortar,93.34011985204731,478.206611017918,building,night,clear,2
mortar,86.74032506054043,18.9339655114172,building,day,snowy,2
aviation,5.476648340512751,105.93121298493759,personnel,day,foggy,2
artillery,3.6103304752279484,13.705808739289639,personnel,night,snowy,1
aviation,38.26987332092691,327.26260993575545,vehicle,night,clear,3
aviation,81.24477974740145,450.0349689854936,personnel,day,clear,2
aviation,98.7403368021795,129.30632532238664,personnel,night,rainy,0
mortar,15.89127221924929,464.24692695019024,building,day,clear,1
rocket,59.818940819861375,39.531021241884815,building,day,clear,1
artillery,38.70819480647113,467.873653134702,personnel,day,snowy,3
rocket,97.02152538364572,182.29511674742085,vehicle,night,snowy,2
aviation,84.36977339043516,59.696205940116094,building,night,foggy,3
aviation,83.99454176640265,248.07716200129957,personnel,day,rainy,1
rocket,47.40062281970206,135.82051818304888,personnel,night,snowy,2
rocket,42.067130731428854,149.5877219613422,vehicle,day,clear,0
rocket,28.06730012113992,160.57208281388043,vehicle,day,foggy,2
aviation,6.581174168441784,403.4826899380051,building,day,snowy,1
aviation,86.60751524925027,274.1890255708747,vehicle,day,rainy,0
artillery,81.47719990387768,162.5407725864418,personnel,night,rainy,2
artillery,99.97204965532693,309.06355382235,personnel,day,foggy,0
aviation,99.66704687031664,360.91383036936486,vehicle,day,foggy,0
rocket,55.987738854660115,143.58576035943153,vehicle,night,foggy,1
rocket,77.12975410287054,212.63905974742224,vehicle,day,foggy,0
artillery,94.53180725836037,69.7241857351043,vehicle,day,foggy,3
aviation,85.11509167706373,98.76318127199336,building,night,clear,1
artillery,25.48746207257657,343.74774844284156,vehicle,night,clear,3
artillery,45.603869395699256,98.9047903708572,building,night,snowy,0
mortar,13.786782099998003,267.33005799685947,personnel,day,rainy,3
mortar,95.45105169861351,357.432668243992,vehicle,night,clear,2
mortar,61.011288810637126,62.36969231642448,building,night,clear,0
rocket,23.63563774484281,287.9829876181627,vehicle,day,clear,2
aviation,67.49836775617982,135.71576401366826,personnel,day,snowy,3
aviation,62.19469580533169,481.83416886641413,personnel,day,foggy,2
aviation,36.45810908525121,246.93736689276312,personnel,day,snowy,0
aviation,12.242201627763272,404.93634938982746,vehicle,day,rainy,2
mortar,67.48574636368716,279.61100565656824,vehicle,night,rainy,3
rocket,52.510462389475535,31.27214109886139,building,night,rainy,3
rocket,77.45952078182829,320.24417404107095,personnel,night,rainy,3
mortar,52.49618661008734,476.18763768126195,vehicle,day,clear,0
rocket,85.36596853153547,304.7897918717023,personnel,day,clear,3
mortar,55.63877703867407,411.4025411191272,personnel,day,snowy,0
aviation,56.53285918200324,443.26116704071984,building,night,foggy,2
mortar,87.78870666317616,121.75908825497692,building,night,rainy,3
aviation,40.94480375502731,113.90197155503105,building,day,snowy,2
aviation,14.267507616613432,309.38068453698594,building,night,clear,1
artillery,3.849484955020558,211.4039502052853,personnel,day,clear,2
mortar,75.75858831168829,421.53203840469297,building,night,foggy,1
artillery,62.410645583993,451.0113304650255,building,night,foggy,2
mortar,70.70389704182314,183.17647585833188,building,night,foggy,0
mortar,22.083451989382162,126.06657389749621,building,day,snowy,2
artillery,14.500776083090207,392.4575024694923,personnel,night,clear,0
artillery,2.439921901120311,144.6549574185867,building,night,clear,0
mortar,35.7081683218531,413.08101607170244,personnel,day,foggy,3
rocket,59.40185099860867,217.63174428789378,vehicle,night,rainy,0
aviation,39.832160464873496,337.0994506528205,personnel,day,foggy,1
artillery,44.31001728034918,56.812303778987406,personnel,day,snowy,3
aviation,90.5117107548811,315.6910690915208,building,day,foggy,3
rocket,35.47729123530674,231.36616258124226,vehicle,day,foggy,2
rocket,51.88495942682127,297.4381469559823,vehicle,day,snowy,0
rocket,78.58164826137316,92.32696179498308,vehicle,night,foggy,0
artillery,40.25773544980574,371.06813502264924,vehicle,day,clear,1
rocket,62.58658332255948,432.77056799618197,personnel,day,rainy,2
artillery,86.37400716592778,116.20250204448007,vehicle,day,foggy,2
rocket,95.00254174210657,56.90013220487925,personnel,day,snowy,3
aviation,15.560274611974755,21.582907162704835,personnel,night,rainy,3
aviation,92.73217489098795,324.56603521720035,personnel,day,snowy,3
mortar,49.71951301487428,307.4760776835026,vehicle,night,rainy,1
aviation,26.566194441596878,277.8817322298943,building,day,rainy,1
mortar,46.45443986758787,123.65407709682795,building,night,foggy,3
aviation,98.02322495326223,201.5439379937022,vehicle,day,clear,2
artillery,49.76919130529409,301.2934042412248,building,day,foggy,1
aviation,33.54640941846331,253.415760840993,building,night,snowy,2
mortar,63.70668457735585,494.01490490529477,personnel,day,snowy,2
mortar,24.774416259041114,76.85547875279923,personnel,night,rainy,0
rocket,8.510469482757728,350.62083148332096,vehicle,day,rainy,3
artillery,13.759092469154274,208.11619637110314,vehicle,night,clear,0
aviation,13.67653805681947,219.81781131355123,building,day,foggy,3
rocket,16.03836665771714,361.62290517250636,personnel,day,snowy,3
aviation,14.743890092291604,349.29371414894115,vehicle,night,rainy,2
aviation,64.44659973551825,495.71543691407226,vehicle,day,clear,3
rocket,19.006128355515337,72.91320183252137,vehicle,day,snowy,2
rocket,35.221061049062456,61.0137281982415,vehicle,day,rainy,2
rocket,89.78205258069517,364.92602039308315,vehicle,day,snowy,3
rocket,47.92220238602436,293.40958933314045,vehicle,day,clear,2
rocket,67.0882161135817,144.33872661430487,building,day,clear,2
aviation,18.059667248961354,48.91549080460344,personnel,night,snowy,2
rocket,20.036612862058405,51.972542302250964,personnel,night,foggy,1
artillery,5.045993010381407,448.153528585418,vehicle,night,snowy,2
mortar,17.72457124414429,104.01498911218403,personnel,day,rainy,1
rocket,28.580443564163904,168.45206543660518,personnel,night,foggy,1
rocket,18.524037943397936,121.06163709122413,personnel,day,rainy,2
aviation,9.781550841948505,183.94818985764928,vehicle,day,snowy,2
rocket,12.94295123895948,44.01768294558575,vehicle,day,foggy,1
rocket,46.61709803523985,264.3392975450525,personnel,day,rainy,1
rocket,21.427038122173457,43.1301561601853,personnel,night,snowy,2
aviation,37.06271624375947,402.17468883295714,vehicle,day,snowy,2
rocket,50.83830981463083,124.51892013611219,building,night,foggy,3
mortar,69.34908803430716,274.6058381562102,personnel,day,snowy,1
aviation,4.891901844268794,441.23875290511455,building,night,clear,1
mortar,80.14162949199522,328.9299108331251,personnel,night,rainy,3
aviation,63.16213855959987,271.1493154101543,building,night,rainy,1
rocket,9.094144162938319,168.92353902653406,building,night,snowy,0
mortar,87.48428378657094,173.170937398517,building,night,snowy,1
aviation,92.16636765264951,338.04860804711313,vehicle,night,clear,3
artillery,7.046718025631511,497.12828699837206,building,day,foggy,0
rocket,28.41088716657317,334.30120302619554,building,night,snowy,2
aviation,80.81392669951308,283.3138745113122,building,day,snowy,3
artillery,75.07770934798218,368.0187500172306,personnel,night,snowy,3
aviation,19.267580916281354,237.95075001902188,building,day,snowy,2
artillery,21.72558301033432,39.46974787438475,personnel,night,rainy,3
rocket,37.67673817634682,285.5254397801758,building,night,snowy,1
mortar,48.96777553391111,479.2363894076363,building,day,rainy,2
artillery,62.2072223814993,95.89844175525323,vehicle,night,snowy,3
aviation,37.52245031740747,348.1023965021262,personnel,night,foggy,2
rocket,46.790936897181645,108.45750744293767,building,night,clear,2
artillery,74.9996228752419,272.5555653918098,personnel,day,foggy,2
aviation,4.631637086169192,57.37146032689262,personnel,night,snowy,0
aviation,25.991257490058054,230.6817587665107,vehicle,day,snowy,3
aviation,71.6216090025707,380.5200311586706,vehicle,night,snowy,0
artillery,89.62547693103274,180.31004687710123,vehicle,night,foggy,3
artillery,51.656066769450945,335.80674499873686,vehicle,day,snowy,1
artillery,53.67923504126625,399.7704807869673,vehicle,night,foggy,1
mortar,11.61002912263783,464.3171315449318,vehicle,night,rainy,1
artillery,45.29382431552201,124.97462010917224,vehicle,day,clear,3
artillery,53.729109379047294,205.664798746561,vehicle,night,clear,2
artillery,25.004579859838238,84.68384653190454,building,day,foggy,2
mortar,27.655079863988714,496.31691605760386,personnel,day,rainy,0
artillery,38.351132147357646,464.2304742829047,vehicle,day,foggy,0
aviation,2.9870485799949105,274.5789938374742,vehicle,night,rainy,1
artillery,32.88583739273465,422.59631424444643,personnel,day,snowy,0
aviation,21.93335269265792,265.26940886330067,building,day,rainy,3
aviation,33.42223786561355,315.5569871213523,personnel,night,rainy,3
aviation,12.856451050105871,53.670971736848145,personnel,day,rainy,0
mortar,89.1622007932496,380.0825060434359,vehicle,night,clear,0
mortar,59.765652901850814,72.57960698126507,personnel,night,rainy,0
mortar,68.23112959530447,414.7731388237389,personnel,night,snowy,0
artillery,79.12795262212649,393.1937629584891,vehicle,night,snowy,1
aviation,50.34577769397667,357.28490189405846,vehicle,day,snowy,1
mortar,9.605108520654946,27.718586457133437,vehicle,day,rainy,0
mortar,54.17354764003623,158.532894413211,vehicle,day,foggy,3
artillery,59.097270684067034,138.925159256313,personnel,day,foggy,1
mortar,74.79850794424867,186.46683966104436,personnel,day,snowy,3
artillery,43.73429507673826,52.944945914280886,building,night,clear,2
rocket,13.630449976760811,469.10933328522077,building,day,foggy,3
mortar,29.093814674073723,281.36309794906435,personnel,day,rainy,0
rocket,36.945147343464875,159.70691222243153,building,day,foggy,2
artillery,64.94580689182851,204.52094336639888,personnel,night,snowy,1
aviation,57.50705216222228,229.12924484736948,building,night,clear,1
mortar,36.25357586388678,304.29122334670245,vehicle,day,foggy,2
artillery,98.66500963050498,262.68291957128395,building,night,foggy,3
aviation,60.97170711633183,460.5020668750645,vehicle,day,snowy,1
aviation,24.485452381863453,253.51210662385682,vehicle,day,clear,0
rocket,11.07646478941997,496.1574272634232,vehicle,night,clear,2
artillery,16.133054779248873,427.1982292950969,vehicle,night,snowy,0
aviation,25.349815110066306,112.17015203509455,building,day,rainy,2
mortar,16.90745595269601,465.991655175519,personnel,day,foggy,1
mortar,19.47013538107927,67.01953496388329,vehicle,night,rainy,3
rocket,29.22442170069086,410.55035716068386,building,day,foggy,2
aviation,18.163985934180726,196.50541380352425,vehicle,night,foggy,2
artillery,89.77977703801609,440.2074170180841,building,day,rainy,0
mortar,8.943140820502578,435.3477781526507,building,night,snowy,1
aviation,52.92662756745521,404.90344605763437,building,day,snowy,0
aviation,41.62928587197649,397.1149137904601,personnel,day,foggy,1
rocket,98.25548307395204,159.29277815804,building,night,snowy,0
mortar,12.091851314637182,49.65044869511357,building,day,foggy,2
mortar,40.38770430552842,207.46028759492913,personnel,day,snowy,0
artillery,96.97757289426151,95.02701234338925,personnel,night,foggy,3
mortar,86.68520546350405,350.52603356220624,building,day,snowy,1
artillery,81.89013502397871,179.5888660035149,personnel,day,clear,1
mortar,26.532379877449042,488.0489984213583,vehicle,day,rainy,2
rocket,17.917871151616517,324.0763178992127,vehicle,night,clear,1
mortar,67.19567877251866,413.01547618083686,personnel,night,rainy,3
artillery,93.008222923631,74.93708964350573,personnel,night,rainy,0
artillery,56.11952640837905,432.38709631358506,building,day,foggy,2
rocket,57.58965625752008,462.1510233515632,personnel,day,rainy,3
mortar,28.717930272368132,248.6603402212786,building,day,clear,1
mortar,77.17980038600176,307.06393949797894,vehicle,day,clear,1
rocket,19.517331107194813,384.75680244246774,personnel,night,snowy,3
mortar,33.04424440402013,95.67092735760215,building,day,clear,0
mortar,43.11820742302526,256.2573774670868,building,day,snowy,0
artillery,51.253427489761044,205.34488360843343,vehicle,day,rainy,2
mortar,24.998563509092943,81.72325615950207,personnel,night,clear,1
mortar,12.36884564918115,190.09186692285041,vehicle,day,rainy,3
rocket,61.45138420172162,43.40443159889185,building,day,clear,0
rocket,29.57442477078532,22.647834405248624,building,day,clear,2
aviation,58.54258392083862,76.23148168586316,personnel,day,snowy,1
artillery,16.28190881214603,481.9264046786952,building,day,rainy,1
mortar,48.63287008362693,279.2694725885583,personnel,night,clear,2
mortar,53.726353822607,483.2528589650778,vehicle,day,foggy,2
aviation,6.130530145420264,221.92396038176466,personnel,day,rainy,0
mortar,34.32382354119814,162.78990521177718,personnel,day,rainy,3
artillery,14.30705301695845,258.0095127917196,building,day,rainy,1
aviation,7.274122076804007,225.36072743012596,building,day,snowy,3
artillery,99.00606300660458,61.77569528825452,personnel,day,foggy,1
aviation,32.913030652497575,324.00489419820104,building,day,rainy,1
aviation,81.17757013960885,115.85870942970381,building,day,clear,3
rocket,26.20942482161262,313.5980978999365,building,day,clear,2
artillery,68.468769500169,328.5985352750952,personnel,day,snowy,0
mortar,76.26255812907897,84.49217803303758,building,night,clear,1
mortar,59.96823532017658,40.0613172842274,personnel,night,rainy,2
artillery,47.68604266646568,392.5731771735355,building,night,clear,1
mortar,41.77225050057959,235.30220764696688,vehicle,night,rainy,0
mortar,35.53795838775653,38.50025979768314,building,day,clear,1
artillery,93.02338528053475,497.4844954131859,building,night,foggy,0
aviation,83.23132137098519,38.312474888219654,personnel,night,snowy,0
artillery,96.53766415598474,350.56726214069107,personnel,day,snowy,1
aviation,13.305425125068927,492.0026733790727,building,night,foggy,1
mortar,73.35588004516079,127.19825106580355,vehicle,night,foggy,0
mortar,93.89570522528274,79.70219065672613,building,day,snowy,2
mortar,18.942073550400355,69.47862031699016,building,day,foggy,3
rocket,7.583130469310972,158.6048223081218,vehicle,day,rainy,0
aviation,74.37094427971584,59.51244739521688,personnel,night,clear,1
rocket,57.87283820481128,349.1590574301246,building,night,snowy,1
rocket,84.34104889906894,40.52298108373072,personnel,day,foggy,2
artillery,14.83746528600266,259.6168427933969,personnel,day,rainy,3
rocket,79.73146387412913,498.3814583879586,vehicle,night,snowy,0
artillery,20.96110468472671,408.8454320579492,vehicle,day,foggy,0
artillery,17.201938343704747,311.4575247331953,personnel,night,snowy,3
rocket,17.262313995168302,160.06427418543973,building,day,foggy,0
aviation,81.64289730290683,315.70895978290287,personnel,day,snowy,3
aviation,66.85452484892382,268.2503173167093,building,night,rainy,1
aviation,52.783477052142814,218.78085810628204,building,day,rainy,3
aviation,36.52421792822675,74.04808460269774,vehicle,day,clear,0
aviation,87.84285354049771,444.4360654678287,building,day,snowy,3
rocket,39.852065634840905,230.39447792244803,building,night,clear,2
rocket,81.84334450768613,105.36503079217488,personnel,day,snowy,1
mortar,44.474355948451624,190.20208192987192,vehicle,day,foggy,1
aviation,38.31749851306585,212.92357873917425,building,day,foggy,3
rocket,46.805298781291036,415.4935688277684,building,day,clear,0
mortar,30.836409542250067,369.471046475087,vehicle,day,snowy,2
aviation,75.01332863744886,386.95939788425653,personnel,day,clear,1
artillery,50.769318619155435,15.405319570037134,vehicle,night,rainy,1
mortar,23.989056819534913,213.91545910808313,vehicle,night,clear,0
rocket,90.05788275418227,245.85863430130857,building,day,clear,0
artillery,39.00523091594793,19.404215643297775,building,night,foggy,2
artillery,54.811733250284874,137.30847228506678,personnel,night,clear,3
artillery,90.74073898549015,382.54201332984616,building,day,snowy,0
mortar,62.799561595485216,77.18375580720954,building,night,foggy,3
rocket,12.572906030128044,272.3019644117699,vehicle,night,clear,2
artillery,94.04338023773404,115.44891728844638,building,night,rainy,3
aviation,63.14309725407037,15.939179575507705,personnel,night,clear,1
artillery,34.15565585105153,128.18871422377532,vehicle,night,clear,3
artillery,14.787935193675338,488.17813990592634,personnel,night,clear,2
mortar,79.6084937377593,402.7531848226649,vehicle,night,foggy,2
mortar,62.38720283692284,480.1925557173064,building,night,snowy,2
rocket,53.81264810565583,249.0484815239176,vehicle,day,rainy,3
aviation,89.49536572204481,63.77073735197672,vehicle,day,clear,1
mortar,79.07112391122854,278.50014959710956,building,night,snowy,0
artillery,16.015813093542366,232.64489393438083,building,night,snowy,1
rocket,31.860484711759273,423.7349705424118,personnel,day,foggy,3
artillery,25.60042484163211,58.06046458427985,personnel,night,rainy,3
artillery,74.65068296469502,249.23815714067132,building,night,foggy,0
mortar,4.319711038842159,83.52384570005229,building,day,snowy,3
rocket,57.41907880226034,169.0912041761294,building,day,snowy,2
aviation,76.48340988832837,371.30496792002185,vehicle,day,snowy,2
aviation,87.79979803941319,243.2488833906956,vehicle,night,foggy,2
mortar,34.86609312287484,194.18525972142697,vehicle,night,rainy,2
mortar,82.30447316252928,203.2933764993173,building,day,clear,2
rocket,11.952541958565515,235.12891651893347,personnel,day,foggy,3
aviation,84.7987768817173,394.65810648015787,building,night,snowy,0
aviation,13.62137757086626,447.12149758071484,vehicle,day,foggy,0
aviation,40.331441765476356,478.11399638692484,vehicle,night,snowy,2
artillery,79.93224121217581,395.5826592650946,building,night,clear,3
aviation,15.841825307528604,164.54937891652622,building,day,clear,1
artillery,23.695888128031505,347.1860059824057,vehicle,day,rainy,1
rocket,72.50300427091356,224.42553078714204,vehicle,night,snowy,3
artillery,72.28361711806136,134.7886048025651,vehicle,day,rainy,2
rocket,64.47361565564444,422.02707391870206,building,day,rainy,0
aviation,69.7008960022429,28.82891099153925,vehicle,day,clear,3
aviation,54.729719891412024,451.8633761463575,vehicle,day,foggy,1
rocket,25.928106831788323,236.12395766611974,personnel,night,foggy,1
mortar,35.22390335688802,322.2287236360574,building,night,rainy,1
rocket,18.978173963341142,333.0834218808335,personnel,night,clear,2
mortar,90.93660557202921,448.6076929462028,personnel,night,snowy,1
artillery,58.75578768184592,321.96814426193157,vehicle,day,foggy,3
artillery,40.684290259600346,310.8274565324303,building,day,rainy,3
artillery,46.73857456076914,42.65949987473808,vehicle,night,foggy,1
aviation,94.78105062156972,264.01993075315,building,night,foggy,3
artillery,16.18178890849194,83.58281040035041,personnel,day,snowy,1
mortar,59.036753369662925,371.3425466735279,building,night,clear,1
artillery,51.08297920956213,260.9887411982105,vehicle,night,snowy,0
rocket,61.53396930803014,343.31161181209313,vehicle,day,clear,2
rocket,2.7929081982632105,30.41972129516829,vehicle,night,foggy,2
aviation,87.34026698547099,51.54808786244358,building,day,rainy,0
rocket,93.27970996587763,360.9984601507143,personnel,day,snowy,0
mortar,56.94818517533169,45.321324639349946,personnel,night,clear,2
artillery,69.96843156381233,44.91579660497671,building,day,foggy,1
aviation,92.32743873655227,15.93315286509485,vehicle,night,clear,1
artillery,71.01662479702647,478.68568516674526,personnel,day,clear,2
artillery,16.101365248511875,371.3790961349134,vehicle,night,clear,1
mortar,58.052547656514506,183.09319016601142,building,night,foggy,0
rocket,61.06478959190273,155.30243483095106,vehicle,night,rainy,1
rocket,42.988936458936216,181.35458257546628,personnel,day,rainy,1
artillery,73.90797932684757,389.5802302787791,personnel,day,rainy,3
aviation,93.50233446213247,334.07159942450306,vehicle,night,clear,3
rocket,92.63128277777086,100.7458282550593,building,day,foggy,3
aviation,45.633097769009076,95.31357431370132,vehicle,night,clear,1
rocket,12.21056653823477,58.213868359564685,building,night,rainy,2
aviation,98.49927869727112,333.5483326536557,vehicle,day,rainy,0
mortar,84.05091055814748,384.5426044886506,personnel,night,foggy,1
aviation,13.341605439123418,139.87274987925198,building,day,clear,2
mortar,92.16334637911986,20.26303090514728,building,night,snowy,1
mortar,87.1197398441507,50.2641170634494,building,day,snowy,0
aviation,52.36496765548114,484.25141707406493,personnel,night,rainy,1
mortar,59.53626813874799,154.76794096393593,vehicle,night,foggy,0
artillery,40.5012676831429,386.91934244068545,personnel,day,clear,1
mortar,6.421402243381102,316.0851487385892,building,night,clear,0
rocket,34.184526922944194,197.150423429919,vehicle,night,rainy,1
aviation,80.48249141120313,110.786758475822,personnel,day,rainy,0
artillery,1.458570277455683,69.47934489810915,building,night,clear,3
aviation,34.016417997423275,311.35635433904463,building,day,clear,1
rocket,40.41870066550339,389.5705525125161,personnel,night,rainy,1
rocket,54.20216469085437,325.51308423515405,personnel,day,clear,2
rocket,92.06570602486329,269.8480452920876,personnel,night,snowy,2
mortar,35.288253442230165,30.556099481501768,building,night,rainy,0
mortar,35.34836698772654,484.5595010212481,personnel,night,clear,1
aviation,74.01262356286509,401.3699539107416,building,day,rainy,0
aviation,45.769576148090906,153.48279798347272,personnel,day,foggy,3
artillery,23.235877471058213,490.1854613858368,building,day,rainy,2
artillery,45.791512097136646,304.9219789217978,building,day,rainy,0
aviation,14.944845017600185,295.3871025215508,vehicle,night,foggy,0
mortar,18.462311664116108,376.5558579204707,personnel,night,snowy,2
rocket,50.338409501208496,407.7671961641674,personnel,day,clear,1
aviation,42.47361950095024,331.6745175924363,building,day,foggy,0
artillery,91.5697442057419,72.766915719438,building,day,rainy,2
mortar,36.87699601254668,175.75107793730422,building,night,clear,1
aviation,58.4782466775263,464.7609837597644,vehicle,day,foggy,3
aviation,63.59416450403351,120.06164980348744,vehicle,day,clear,2
mortar,2.29635120224503,192.36184168038153,building,night,clear,0
aviation,66.69019982965435,221.71767264265603,personnel,night,foggy,3
mortar,18.62556072010539,225.30844495028157,personnel,day,clear,1
rocket,96.14596142947606,310.3403954223175,vehicle,night,snowy,1
mortar,15.717610047558182,472.10716049490674,vehicle,day,foggy,2
mortar,42.04778824897535,127.93942879792743,building,night,snowy,2
mortar,9.449617139785742,69.53567438744986,personnel,day,rainy,2
aviation,99.69055093274879,106.76054003136929,building,day,clear,1
aviation,50.71730602279302,444.5932011025421,vehicle,day,rainy,3
mortar,59.943116714684336,326.44729820105096,personnel,day,rainy,1
aviation,7.640571261454321,150.09432672718847,personnel,night,clear,0
artillery,75.2460865695186,409.81400009462243,vehicle,night,foggy,1
artillery,21.78065371646299,432.07129821808365,building,night,clear,0
aviation,89.90737465463066,424.79202595823625,building,night,rainy,3
aviation,21.30882440771871,460.2740014833817,personnel,day,rainy,2
mortar,19.87808434570299,133.59809988494717,vehicle,day,foggy,2
rocket,4.618417116961393,379.97054508567635,personnel,night,clear,1
aviation,47.73462756588992,235.66435366432862,vehicle,night,rainy,2
artillery,56.919272192999024,422.57929091613016,building,night,snowy,3
mortar,7.505155303406884,366.9604318091905,vehicle,night,rainy,2
aviation,77.77723405280605,390.45924878486505,building,night,rainy,1
artillery,45.875594640054736,331.519300463725,vehicle,day,foggy,3
artillery,52.91463666343042,96.94009704015636,personnel,day,snowy,0
rocket,44.635511946884584,277.0631902594998,building,day,rainy,1
mortar,40.67554302665727,492.48817236700904,personnel,night,rainy,0
mortar,56.40439279951357,469.32015258358825,personnel,night,snowy,3
rocket,16.36878434714054,31.15513054053572,building,night,clear,1
rocket,19.01088491903184,90.75925970742419,building,night,clear,1
mortar,86.3167764803382,74.54709899273533,personnel,day,rainy,3
mortar,94.66543075122964,365.7301558927948,personnel,day,rainy,2
aviation,37.957622311695545,410.71481162990307,personnel,night,clear,1
aviation,27.803722641211824,114.62056949222924,personnel,day,foggy,1
rocket,64.75595478066256,257.8678195463962,building,day,snowy,0
aviation,41.46468293871154,421.944483725488,building,night,snowy,2
artillery,3.5132492103741413,369.0727569354628,personnel,night,foggy,0
aviation,16.459107139252843,275.69623069100567,vehicle,night,foggy,0
aviation,71.88125065589236,299.2703683247987,vehicle,night,foggy,2
artillery,66.23347024910498,259.0966679889772,building,night,foggy,2
rocket,3.6825032578448655,155.79874114622208,personnel,night,foggy,3
artillery,22.975244031361996,286.8607765009179,personnel,day,foggy,2
aviation,23.87640486221907,347.55379800454443,building,day,snowy,1
rocket,67.51738161627411,437.9282287717958,vehicle,night,foggy,2
aviation,2.9513432376820514,321.7827634498316,vehicle,day,clear,3
artillery,11.30674961647281,382.9495531511474,vehicle,night,foggy,3
artillery,80.19169245194574,88.43510112774077,building,night,foggy,3
aviation,18.675921543379026,236.16316246569704,vehicle,night,snowy,2
mortar,65.6218646773356,14.572493715275716,building,night,snowy,2
mortar,24.580095323625926,130.87264361559528,building,day,foggy,0
artillery,10.84469788317517,365.9662404053724,personnel,night,snowy,0
artillery,25.074046908945956,495.9868761611881,vehicle,day,rainy,1
mortar,72.50442625371025,58.597268797735794,building,night,snowy,0
mortar,85.7139503425223,206.73221477203126,vehicle,night,snowy,1
aviation,83.19176659213217,402.0347746625882,vehicle,night,snowy,3
aviation,40.32116943222703,109.97746096816043,personnel,day,snowy,0
mortar,67.14042852049397,281.99162515812026,vehicle,night,clear,2
aviation,21.293445246166275,369.20493505454067,personnel,night,clear,0
aviation,30.021625295840312,311.83287062748775,building,night,clear,1
rocket,89.73724603359085,102.13211996155391,vehicle,day,foggy,0
aviation,2.2871904275628676,184.1384386560123,building,day,foggy,3
artillery,9.46534455459234,394.05797439784465,vehicle,day,rainy,2
aviation,21.580739259456706,281.57099192468814,building,night,clear,1
aviation,3.626688183508152,12.562510636027241,vehicle,day,foggy,2
mortar,18.962108073889933,382.88547241376597,vehicle,night,snowy,2
artillery,58.721114535999526,27.302563920717144,vehicle,day,snowy,1
aviation,42.7210305086573,375.4095535383037,vehicle,day,clear,2
aviation,89.37449939662051,109.21547448096634,vehicle,night,rainy,2
rocket,81.92691261210565,479.4560052584963,vehicle,day,rainy,0
aviation,34.839917818089724,190.29096813802138,vehicle,night,snowy,2
aviation,26.682919909697954,170.19649200565877,vehicle,night,rainy,2
rocket,38.58954840855942,82.9551446628979,vehicle,day,clear,2
mortar,59.43919930896597,159.7460655902053,building,night,snowy,2
aviation,27.53830044146475,439.5588732958183,personnel,night,foggy,1
rocket,62.79074187706427,498.2038254373512,vehicle,day,foggy,3
artillery,41.5317535669328,190.4716699483557,personnel,day,rainy,0
mortar,55.652670904346046,229.81920916772586,vehicle,night,snowy,2
artillery,44.176526384396354,363.81475971934117,vehicle,day,snowy,2
artillery,30.15211019464985,444.2359324278865,building,night,foggy,1
rocket,94.89687738925352,300.5917237515242,building,night,snowy,3
aviation,76.59697362181632,201.84759210713636,personnel,day,snowy,2
rocket,14.871204400878803,212.18470201582562,building,day,snowy,1
rocket,86.97832961389337,350.8528917834354,building,day,rainy,0
rocket,49.255688626701854,11.576949166096554,personnel,day,snowy,0
rocket,89.56067046251505,313.59877535532195,building,night,clear,2
mortar,80.1856703387842,184.1915751162651,vehicle,night,rainy,2
aviation,43.09613694245411,399.1566923257713,personnel,day,snowy,3
artillery,3.2244615236916223,55.56541351333476,personnel,day,snowy,3
artillery,27.599058579109663,298.21911080471136,vehicle,night,clear,2
aviation,54.62178725142582,245.67671604420065,building,night,rainy,1
artillery,63.71434376278858,324.73950769356145,personnel,night,foggy,3
aviation,26.530880857887027,41.77826129665449,personnel,night,foggy,2
artillery,14.79625133320959,294.1920558397843,vehicle,day,rainy,3
rocket,83.65809344313061,285.12744810016665,vehicle,night,snowy,2
artillery,98.45581588965166,284.72344626392373,building,night,snowy,0
aviation,53.0433280479659,305.70895663226287,personnel,day,foggy,2
aviation,17.996249298982047,341.4692892409175,building,night,foggy,0
aviation,27.958425325417526,404.44460984357715,building,night,foggy,3
aviation,2.8206769781992067,142.21215286282504,vehicle,day,clear,2
aviation,91.51558184948941,414.27421098823044,personnel,day,foggy,3
mortar,12.657357206123972,254.1452843090923,personnel,day,clear,0
mortar,58.0751310759111,47.75855677582227,personnel,night,rainy,2
artillery,28.131466848033394,38.689955329549804,vehicle,night,snowy,3
aviation,55.863622249063546,173.7767761610698,vehicle,day,foggy,0
artillery,65.49061844683456,394.5995187846191,vehicle,day,snowy,3
aviation,83.14443856701295,356.7636580230487,vehicle,night,snowy,1
aviation,21.435705904299716,396.42133268947913,vehicle,day,foggy,0
mortar,2.0885870371895674,263.4618376563886,personnel,day,foggy,0
mortar,14.55167737681192,225.6975089981904,building,day,rainy,0
rocket,90.10184554296241,82.25173808607913,personnel,night,clear,2
mortar,87.51511767868901,170.81444926856267,building,night,clear,2
rocket,60.14389711486052,222.6694894251989,vehicle,night,snowy,2
rocket,60.451169182931686,53.414210543012445,building,night,foggy,1
rocket,66.8386307800793,118.09985682849351,personnel,night,rainy,1
rocket,18.361756583721508,303.130394091232,personnel,night,rainy,0
rocket,91.52678264657102,370.47492597720304,building,day,rainy,1
artillery,42.45828196431524,499.1902805825453,vehicle,night,rainy,3
mortar,38.930714296700245,467.2255323583433,vehicle,night,rainy,0
rocket,52.37285282300092,324.85694777224387,personnel,day,clear,0
aviation,5.64963071073045,216.41154611409527,building,night,clear,3
mortar,17.462053506851863,321.72690870703406,vehicle,night,clear,0
mortar,74.06532802621068,394.96929285931367,vehicle,day,foggy,1
rocket,9.19706812458752,67.98473355245979,personnel,day,snowy,2
artillery,60.71205883717243,210.85339595118123,vehicle,day,rainy,3
rocket,25.289561858450774,421.50311996145246,building,night,foggy,1
artillery,39.54026579015568,198.07814644719156,personnel,day,rainy,3
aviation,29.580679940299287,290.2174129013214,personnel,night,clear,3
mortar,36.211598930029965,298.00698682247713,building,night,foggy,0
aviation,72.18554461324031,100.39336403548329,personnel,night,clear,0
artillery,30.415049846694327,187.4953664096213,vehicle,night,rainy,1
artillery,57.07405938939282,173.91053148354675,vehicle,day,rainy,3
aviation,48.12898981771087,22.83638718071175,building,day,snowy,0
artillery,66.70344537090216,21.85396430676407,vehicle,night,rainy,0
aviation,93.74614419315104,417.531551401129,building,day,clear,3
mortar,73.52463762381478,143.80469688667807,building,night,rainy,1
aviation,22.27909748048492,263.85859545701953,vehicle,night,snowy,1
mortar,4.0871303710671825,156.3755310584988,building,night,snowy,3
aviation,26.964140385682683,470.93283010651686,vehicle,day,clear,1
artillery,59.91271513932523,137.05541184422913,personnel,night,foggy,0
aviation,6.091155534940785,220.53183824207818,personnel,night,rainy,3
artillery,50.1402584729224,437.6378227374549,building,day,snowy,0
aviation,60.08744204277203,422.54744772798625,vehicle,day,rainy,2
aviation,34.09014519087912,101.18969474467589,vehicle,day,rainy,2
rocket,77.32030817083637,403.2952217998981,personnel,day,foggy,1
artillery,11.553227060243408,234.5115745015674,personnel,night,snowy,2
rocket,8.438640391845068,246.65474732182406,vehicle,day,rainy,0
artillery,73.09068686415674,75.40518648381246,building,night,snowy,2
rocket,50.05364030441365,49.49474174099108,personnel,day,clear,0
mortar,69.15183724634586,366.69026041714494,building,day,clear,1
aviation,44.04790652177088,253.26596465409688,building,day,rainy,1
artillery,25.393801290671576,224.05684428143798,personnel,day,snowy,0
artillery,82.09112944974578,367.4590320396744,building,day,rainy,2
aviation,80.14217201792894,385.1013205056438,building,day,snowy,1
artillery,69.77495061458825,87.86500215798324,vehicle,night,snowy,3
artillery,27.942368585766307,309.01032324404423,building,day,foggy,1
rocket,59.43283602003962,76.3235003160659,vehicle,day,foggy,2
artillery,36.736415797062655,378.1737921542324,personnel,day,foggy,3
mortar,10.066625259336782,331.90802657089836,personnel,day,rainy,2
mortar,91.81404397076204,478.7411643308944,vehicle,night,foggy,0
aviation,14.545044460977179,43.789428014646376,personnel,day,foggy,3
artillery,95.07349802825944,37.956813364114616,building,day,clear,2
aviation,45.15457152283762,148.27166659966807,building,day,snowy,3
mortar,19.328159955023345,138.23578503059392,building,day,snowy,2
artillery,54.648193790457455,131.01961154527993,personnel,night,foggy,3
artillery,87.42163775176442,454.06474445530796,building,day,snowy,2
aviation,73.49026375454656,132.277637926258,personnel,night,clear,0
mortar,80.84955363828352,143.25536580302918,building,day,clear,3
artillery,66.21955330436101,382.10514858480224,vehicle,night,foggy,3
aviation,69.5353798872674,230.37252280076459,personnel,night,clear,3
mortar,85.0703695049666,390.5881729080388,personnel,day,snowy,3
aviation,25.71713287705941,42.02941720654877,building,day,rainy,0
rocket,49.45307140067091,248.9098848999583,personnel,night,snowy,3
artillery,22.89973474014062,26.47066408980849,personnel,night,rainy,1
rocket,98.77913279166805,40.700069693123716,vehicle,day,foggy,0
mortar,94.46187462897471,454.15435213876134,vehicle,night,rainy,1
rocket,4.903254325482084,78.23023184762162,building,night,clear,3
rocket,70.85194207905316,270.8861343148564,vehicle,night,snowy,2
mortar,92.59958342415092,211.4368452743462,building,day,rainy,1
aviation,18.87695916760602,180.19822986683292,building,night,snowy,3
rocket,57.22657782471032,450.91833938676353,building,night,foggy,1
aviation,91.63334146121615,20.693464419989855,personnel,night,foggy,3
rocket,4.360651879994085,335.2569462260387,vehicle,day,clear,3
aviation,70.04460645743715,482.0632727646397,building,day,foggy,3
mortar,30.437551729882525,284.48240989630256,vehicle,night,rainy,2
rocket,92.51522334227651,469.043006396215,building,day,foggy,1
mortar,97.1347662713714,35.606360850151646,vehicle,night,clear,0
rocket,94.48238242222996,215.2087263463391,vehicle,day,snowy,0
mortar,47.947207449088914,137.47731757140508,building,day,snowy,0
mortar,86.34222244794204,368.1022728405576,personnel,night,foggy,0
rocket,84.61039045497196,490.8355743436509,vehicle,day,rainy,3
rocket,32.59094685108231,135.69973059768142,personnel,day,clear,1
rocket,83.06263194091706,330.5455547222965,personnel,day,rainy,1
artillery,4.6637558368337695,107.06784005227266,building,night,clear,2
aviation,60.03071796972325,287.01182474008885,building,day,foggy,1
artillery,23.770874891482602,237.32691847728475,building,day,clear,1
artillery,12.936121691950602,486.28261151945316,vehicle,night,clear,1
mortar,8.618366961291706,308.1783636212686,building,day,foggy,2
rocket,69.93258881193583,181.2581223225412,building,day,rainy,0
aviation,34.64762141303855,65.90693459508735,vehicle,day,foggy,1
mortar,72.75191038134739,84.11094608011793,vehicle,day,clear,2
artillery,7.470277739095295,120.4052956761052,building,day,foggy,2
rocket,32.21374344523042,132.97366405674603,building,night,clear,3
mortar,54.40963794515839,426.80186834215755,building,night,foggy,2
rocket,79.2815933190574,284.9991662584372,building,day,snowy,0
mortar,32.55649779027492,266.46154657343953,personnel,day,snowy,1
rocket,62.9632462672639,66.23674721591655,personnel,day,foggy,2
artillery,88.71179707538252,431.46844974122314,building,night,rainy,0
aviation,61.97045563004815,364.17900857215704,personnel,night,clear,2
artillery,24.062988000609742,43.157497331000776,vehicle,day,snowy,2
aviation,3.415677374097264,356.83919764258667,personnel,day,rainy,2
rocket,87.13978851619206,276.3337264978966,personnel,night,clear,2
mortar,3.1056716741883266,50.045419415921344,building,day,snowy,2
artillery,87.59546559573575,234.56731434904165,personnel,night,snowy,0
aviation,53.36477626869399,247.50118069372303,personnel,night,foggy,1
artillery,93.96770215277672,91.22952468000511,personnel,day,clear,1
aviation,80.07954034159287,473.3920920301383,personnel,night,rainy,1
artillery,99.7954769428004,426.48793202552434,vehicle,day,rainy,1
aviation,35.720469729719305,337.82094529126306,building,day,rainy,0
aviation,76.95164060418156,236.52482489029754,building,day,clear,3
rocket,40.79116044731497,211.76511537640917,vehicle,day,rainy,3
aviation,48.507686410086976,328.97699890396757,personnel,day,rainy,0
rocket,63.12304085861864,277.26161600938366,vehicle,day,rainy,0
aviation,87.49403430444754,40.51382188212395,personnel,night,foggy,2
mortar,98.42426345073022,261.12629789746256,vehicle,night,foggy,2
mortar,77.0590679725873,405.13777244409135,building,night,clear,2
mortar,42.35891143456604,235.02754002250944,building,night,clear,1
aviation,42.71434322542995,35.45872300159152,building,day,rainy,2
rocket,74.02064785730026,395.27631769817623,personnel,night,foggy,3
rocket,24.63893743106193,108.66825324662744,personnel,night,snowy,1
aviation,11.936937200008071,136.724209095139,vehicle,night,snowy,2
mortar,36.10759360643688,90.70611318182499,vehicle,day,rainy,1
mortar,29.436660173754092,171.8053817870338,building,night,rainy,3
rocket,30.334503925143018,380.80823778743115,personnel,day,foggy,2
mortar,24.127167353941083,264.4990711569293,vehicle,night,foggy,3
artillery,5.167225773999826,110.39182433384916,personnel,day,foggy,3
rocket,2.769519538607967,440.1367382945,personnel,day,clear,3
mortar,98.78451658386712,440.9951089262493,building,night,clear,2
rocket,43.34954023985037,436.58342827254336,building,day,rainy,0
artillery,39.048338068808484,127.01014357695425,personnel,day,clear,2
rocket,68.28508098661392,231.10727864868417,personnel,night,foggy,3
rocket,22.607134898641352,492.64493150902877,personnel,night,foggy,2
rocket,95.04615721107231,388.2861133918953,personnel,night,clear,3
rocket,78.84815642713966,23.312036400524313,building,day,snowy,0
artillery,9.851689228913692,41.9502497176411,vehicle,day,rainy,1
aviation,42.34049680270791,237.32637463804306,building,day,snowy,0
rocket,88.03271244865431,455.5179008721645,vehicle,night,rainy,0
rocket,94.52847020684962,273.96388099682997,personnel,day,snowy,1
mortar,47.272749613737105,253.9281289368022,vehicle,day,clear,2
rocket,61.72772753186006,61.68211297874899,building,day,rainy,1
mortar,17.53636066311545,331.82225131490407,building,day,rainy,2
aviation,99.12569398756068,412.83054869411046,personnel,day,rainy,2
artillery,23.935498436960895,196.40580367870555,building,day,foggy,3
artillery,94.33044563937744,390.04980695341044,personnel,day,foggy,3
aviation,65.31501825024448,482.5935604113977,building,night,snowy,1
artillery,61.165942693007054,109.84556497256766,building,night,clear,0
aviation,51.75616259063435,266.43151928542324,personnel,night,foggy,1
aviation,23.83631136005811,150.69759946144202,vehicle,day,rainy,2
aviation,18.476275168545317,398.49866532658126,building,day,foggy,3
artillery,22.82813469794736,293.02074928176717,vehicle,night,clear,1
mortar,19.4573879522812,320.94538459964883,building,day,foggy,1
aviation,78.17886288310858,400.9779382117881,building,night,rainy,3
rocket,35.66240065750628,204.0255316046029,building,day,snowy,3
artillery,6.72642497977624,458.39413351945115,building,day,rainy,3
aviation,96.94116038394033,271.1841449506086,vehicle,night,clear,2
aviation,88.49480261137914,87.39786318932052,vehicle,night,snowy,3
rocket,92.84747603632609,350.9905679027132,building,night,foggy,0
mortar,99.49587444199709,398.69806171474465,building,night,foggy,1
mortar,18.215629672729243,165.21322176308806,vehicle,night,foggy,3
mortar,40.22795987136322,430.017835929389,personnel,day,snowy,3
aviation,76.06560909470504,454.01019483522555,personnel,day,rainy,2
aviation,69.90604118732543,145.6831988151264,vehicle,day,snowy,2
aviation,16.23569472764565,491.92552163045883,building,night,snowy,1
artillery,81.76747937407116,78.94864874389162,building,night,clear,0
rocket,23.219616611829405,108.98767751722008,personnel,night,snowy,1
aviation,23.157943867439684,100.2701712266328,personnel,night,foggy,3
rocket,54.160467866447945,448.0549579038565,vehicle,night,rainy,0
rocket,59.70105354932861,330.60335063923134,personnel,night,rainy,0
mortar,58.4285345759433,84.5310987789137,vehicle,day,rainy,0
artillery,10.057196902377733,225.758475000491,personnel,day,foggy,0
aviation,87.86862540040765,311.496032284203,personnel,day,foggy,1
mortar,27.2944042162819,50.89740164479781,personnel,day,foggy,2
mortar,13.821977206997612,442.384020519596,building,day,foggy,2
aviation,88.98605990702875,403.7657323663522,building,night,foggy,3
rocket,95.60949832474559,257.55131905255274,building,night,snowy,2
mortar,86.35063410927961,483.8920414769935,personnel,night,foggy,2
rocket,81.14209139776293,214.70287984479884,vehicle,night,foggy,2
artillery,65.86895608326316,492.21405632788395,vehicle,night,foggy,2
rocket,55.53487969030479,337.2807994137773,vehicle,night,foggy,3
artillery,9.611689231229605,320.9889238944313,vehicle,day,rainy,1
rocket,41.43686809399917,91.31789869493466,building,night,foggy,0
mortar,37.896163184219084,442.14460156927555,building,night,snowy,2
mortar,26.715624592272295,219.46994708110142,personnel,night,snowy,1
artillery,72.6185912551699,89.49436883341488,personnel,night,snowy,2
aviation,50.09169777279831,16.17768478812193,vehicle,day,clear,2
artillery,9.023575374857145,284.2802849828075,building,day,rainy,0
artillery,22.79813699303132,268.4258148401114,vehicle,night,foggy,0
rocket,68.64261760229999,362.4832749608877,personnel,day,clear,0
rocket,8.536955089539719,446.22644597872306,personnel,day,foggy,2
artillery,85.2694844908281,48.909226475084466,vehicle,night,clear,2
mortar,50.01950617438346,368.43328026677756,personnel,night,clear,2
rocket,48.57807115533815,101.83185260781529,vehicle,night,snowy,0
aviation,59.64837068129224,430.50675604701036,building,night,snowy,3
rocket,82.64341562658977,411.3411217922115,vehicle,night,clear,1
rocket,35.43311158231711,274.9889399429168,building,day,snowy,3
aviation,68.12359910334729,358.0189713254226,building,night,clear,2
artillery,57.007464435583316,164.0315554600367,personnel,night,rainy,2
aviation,27.43579874677271,240.87227047707918,personnel,night,snowy,3
artillery,87.98436864916064,412.6020798781311,personnel,day,snowy,2
artillery,79.94517613908589,235.03994661487482,vehicle,night,snowy,1
artillery,66.18673163118413,185.32115000946646,vehicle,night,rainy,2
aviation,85.20759118032994,252.16409915264694,personnel,night,clear,1
artillery,86.86212589502044,415.842133694237,vehicle,day,foggy,3
mortar,71.12793469478845,174.25194321172765,personnel,night,snowy,3
aviation,83.86431950800353,95.14318063651446,vehicle,night,clear,2
mortar,70.04967470525908,358.8868699620826,building,night,rainy,1
artillery,68.33393640426974,414.7293242269601,building,day,foggy,2
rocket,62.24252644330325,59.31236447653133,personnel,night,snowy,0
artillery,75.51894731620648,127.53831525041292,vehicle,night,rainy,0
mortar,16.701905424014296,79.56627498288701,vehicle,night,rainy,0
mortar,88.20620516069391,180.49129167526164,building,day,foggy,0
aviation,87.31250924677796,230.6719796636522,building,night,clear,2
rocket,3.8954810204213555,376.92490511202016,personnel,night,snowy,0
aviation,82.7558583059115,329.0623165920203,building,night,snowy,1
mortar,13.758116879871075,314.2549980644313,personnel,day,clear,3
artillery,34.17676657165505,182.66372383873065,building,day,clear,3
rocket,74.60731737286918,422.30930101153234,building,night,clear,0
artillery,16.915229708782512,240.93071202510063,vehicle,day,foggy,0
artillery,81.97873538778715,489.7614196274257,building,day,foggy,0
rocket,83.38128361781645,320.7296477649111,building,day,snowy,2
aviation,51.23930564232278,71.86972336660634,personnel,night,foggy,3
artillery,1.6322012999665243,341.32700541696266,building,night,rainy,0
mortar,29.416775184316364,169.3009675615325,personnel,day,snowy,1
artillery,62.07576491919848,346.30032637618774,building,day,foggy,0
rocket,98.13743162471492,44.12416259957881,building,day,clear,3
rocket,63.54953917465017,95.6919042162201,personnel,night,rainy,0
rocket,26.72055452535182,429.3112568638353,vehicle,night,clear,3
aviation,63.76656460686152,121.3179829415223,personnel,day,snowy,0
artillery,54.45855259186969,420.1501513690406,personnel,day,clear,1
aviation,78.20469411996322,146.8452833426611,personnel,day,foggy,0
aviation,11.591083243868882,325.0121359287667,vehicle,day,foggy,1
rocket,76.34176234770078,350.1337810198172,building,night,snowy,1
rocket,54.585391288934915,261.20082904107596,personnel,day,clear,0
aviation,96.33620838204047,159.60223158139834,personnel,night,snowy,1
artillery,34.84534443782992,114.1957444218371,vehicle,day,clear,2
mortar,63.62956742026086,26.262783735588847,personnel,day,rainy,0
aviation,93.27078244549173,158.93373660795467,building,day,foggy,0
artillery,11.148463071077247,330.0497673603287,vehicle,day,snowy,1
rocket,93.78562023640866,469.7693610397565,building,day,rainy,1
rocket,69.10068650778052,436.8901963088955,building,night,rainy,0
artillery,7.715868851412019,385.3717405022983,vehicle,day,snowy,2
mortar,30.79539312773481,396.33919819411636,personnel,day,snowy,1
rocket,71.10903677588287,335.8426027032377,building,day,rainy,1
rocket,7.667709545408398,137.54056020734146,building,night,clear,3
rocket,58.63487555745105,454.52556504585664,building,night,rainy,2
artillery,35.24242263834272,338.6588328338587,building,night,snowy,2
aviation,62.470636258980235,284.6159091804156,vehicle,night,rainy,0
rocket,5.528461347438772,64.38483991460572,vehicle,day,clear,2
aviation,87.28214380908526,229.05721646514846,building,day,foggy,0
mortar,97.3754079485623,235.5755528889439,personnel,day,foggy,3
rocket,96.91890767328346,433.6361686661083,building,night,rainy,2
rocket,75.21553134254955,277.85762789201635,personnel,day,clear,1
mortar,13.878537772932566,196.39626899550072,building,day,foggy,3
rocket,76.06805639697323,488.6321609702231,personnel,night,rainy,0
aviation,3.4341047294213496,64.25309072989468,building,night,rainy,3
artillery,3.190231601370728,217.04872987285287,personnel,night,clear,0
aviation,33.037411695804586,30.592090833988593,building,day,snowy,3
artillery,49.37567585006191,372.5530191757959,building,day,rainy,0
artillery,77.27033436297152,459.8575105775838,personnel,night,snowy,2
aviation,68.646242284044,147.21829147973983,vehicle,day,snowy,1
aviation,45.144367931298085,430.5874216315692,personnel,night,foggy,0
aviation,28.08903996188492,153.18693292632992,vehicle,night,snowy,3
aviation,99.7153255156134,456.27737920551846,building,day,clear,0
mortar,43.19194892136132,379.4413327624241,personnel,night,foggy,0
rocket,45.68731540863787,404.40432065230493,personnel,night,foggy,0
artillery,17.19875829797525,18.823212244222702,personnel,night,foggy,3
aviation,79.68614532624301,481.7770749662727,vehicle,day,rainy,1
aviation,69.67454035236737,366.0687861144584,vehicle,night,rainy,2
aviation,22.85619166608728,159.32803673920532,building,night,snowy,1
mortar,9.155723515968427,416.403385780835,vehicle,night,foggy,0
aviation,68.3694309053966,147.94538722331566,vehicle,night,foggy,3
aviation,65.7966102138324,437.6493813874027,building,night,clear,1
aviation,28.052693172822725,65.16439130184914,personnel,night,snowy,0
rocket,95.13549266279063,354.8061289557899,personnel,night,clear,2
mortar,15.954731286309123,274.94225355600605,building,day,snowy,2
aviation,43.80114530321759,57.301890395766,personnel,day,snowy,2
artillery,94.41797609659228,128.5279758468311,vehicle,night,rainy,0
artillery,42.55300437568611,16.077977775884246,building,day,rainy,3
artillery,64.21406881874447,239.69630307760787,building,day,clear,1
mortar,40.36184539831663,157.61997777240018,building,night,snowy,2
mortar,28.147305032518332,303.1951673059018,personnel,day,foggy,0
artillery,98.41378714802299,155.64652577722242,building,night,rainy,0
aviation,41.524066625189256,156.9603646384225,building,night,foggy,1
mortar,89.51582116423431,374.16466737848566,building,night,clear,2
artillery,23.765505983217533,33.58998962939319,personnel,night,rainy,0
artillery,22.097365698483248,452.4185476440737,vehicle,night,rainy,1
aviation,4.082274205566625,427.6092984516789,building,day,snowy,3
rocket,65.51501571221262,337.2242947809392,vehicle,night,clear,3
mortar,37.48410802865235,300.6785693526183,personnel,day,snowy,3
aviation,86.57146673412407,447.2282240884296,personnel,night,rainy,2
artillery,47.84778076246416,100.81178796907008,personnel,night,clear,1
artillery,96.85114936355745,48.694889473506024,personnel,night,rainy,1
aviation,19.367026054608992,127.35998325567367,vehicle,day,clear,0
mortar,86.99369362760547,399.3433565630932,building,night,rainy,0
rocket,77.88308842638243,26.988430695976827,personnel,night,foggy,0
rocket,77.32126261976114,295.5753491909099,personnel,night,foggy,1
artillery,84.63353958357187,497.76438293374184,vehicle,night,snowy,0
mortar,76.3413751033569,429.2910859803943,vehicle,day,foggy,1
rocket,62.995811841510125,265.5083876313588,personnel,night,rainy,1
mortar,13.99324289055637,41.18404555045475,building,day,rainy,3
mortar,4.22009176963394,417.3730220489978,building,night,foggy,0
artillery,92.16393693375299,303.4994690068332,personnel,day,snowy,3
rocket,62.048381137553065,66.31716855918775,vehicle,day,foggy,2
aviation,79.85719180664145,55.990069563444536,personnel,night,clear,2
artillery,48.67071279974246,455.71714152393025,personnel,night,clear,2
rocket,12.613510707277053,337.90812883965845,vehicle,day,clear,1
rocket,13.393393428052493,416.3505316652102,personnel,night,foggy,1
rocket,68.87096343566816,440.699661138311,personnel,night,foggy,1
rocket,43.600283595046804,290.1684525036779,personnel,night,foggy,0
rocket,20.851947943333336,263.54871235997024,vehicle,day,clear,3
mortar,49.66786012740225,220.9094310572852,building,night,snowy,1
artillery,7.3566847704382745,165.30382801764844,building,night,rainy,3
mortar,58.61516878952548,222.95202082076878,vehicle,night,foggy,3
aviation,27.63034703907467,389.20103130777665,building,day,snowy,3
rocket,79.95835096308163,304.94248119741445,personnel,night,rainy,0
artillery,31.725833933433805,447.33641207787457,building,day,rainy,0
rocket,46.06679475909832,227.25620704580197,personnel,night,rainy,2
artillery,2.150433450901963,307.47389357218947,building,day,snowy,2
mortar,8.17224189166133,319.34070101507444,vehicle,night,snowy,3
artillery,39.8568620842618,299.9316095300995,building,night,clear,2
aviation,48.51394463699523,354.290548811903,building,day,snowy,3
aviation,60.40203426381107,126.34239950365507,building,day,snowy,0
artillery,29.87459529222102,261.0582509974374,vehicle,day,snowy,0
artillery,69.80320672652772,61.07015337609036,building,night,rainy,0
artillery,86.15211732173125,198.41055054595816,vehicle,night,foggy,1
artillery,78.20524790044163,248.95686362441955,personnel,night,clear,3
aviation,4.922263709487357,329.5898871772815,building,night,foggy,0
rocket,48.57018777852507,475.76021576723974,vehicle,day,foggy,3
artillery,11.388087663399311,304.31902260869435,vehicle,night,snowy,2
artillery,24.96245657039022,374.3610189265143,building,night,clear,2
aviation,98.6795967334475,258.0703691526494,personnel,night,foggy,0
aviation,15.107058747249809,320.7109753744023,vehicle,night,foggy,3
mortar,50.38992719168425,44.75678590554898,building,night,clear,0
artillery,62.19741769749379,134.65187461250503,personnel,night,snowy,2
mortar,70.54403208386628,187.30801567051796,vehicle,night,foggy,0
aviation,56.4052196652045,241.52174395319165,vehicle,day,rainy,3
aviation,1.9673138944991821,32.367885296168026,personnel,night,foggy,2
rocket,33.319669516155194,78.61180780112566,personnel,night,rainy,1
artillery,52.25345269508643,145.63901081773983,building,night,snowy,2
mortar,9.698783415338502,486.0510185415148,building,night,foggy,1
aviation,35.71206618970889,172.36003348049488,vehicle,day,clear,0
aviation,4.2871077703452904,246.20011847492043,personnel,day,clear,0
mortar,8.779271218347054,106.08787924181254,personnel,day,foggy,3
rocket,40.29540434395801,309.28223482712644,personnel,day,snowy,1
aviation,14.138859650262974,147.5347756028274,vehicle,day,snowy,0
artillery,57.18654397789426,111.42636343482913,personnel,day,clear,1
aviation,69.25703194458931,263.12058793852975,personnel,night,foggy,0
artillery,80.2580832117992,12.697841588606202,vehicle,day,snowy,2
mortar,20.8148741802362,13.75537599812041,building,day,clear,0
artillery,17.580775643647907,117.34371645991031,building,night,rainy,3
mortar,11.352216193105624,27.99346762540236,vehicle,day,foggy,2
artillery,64.00659470482003,62.93261952403878,personnel,night,rainy,3
mortar,70.94109692220322,176.04171817598828,vehicle,night,rainy,2
artillery,4.127028337738562,403.2669829941083,building,day,snowy,1
rocket,93.6850123781253,290.30383525095743,building,night,snowy,3
artillery,6.145157081495769,261.20718571864404,vehicle,day,snowy,0
artillery,54.58833719480597,153.8095233719796,vehicle,day,foggy,1
rocket,71.19699142564073,466.55932252208004,building,night,rainy,0
aviation,87.22594325086247,204.53737020622393,vehicle,night,foggy,2
aviation,71.69460628111035,52.67545572992803,building,day,snowy,2
artillery,80.37108022390939,312.3625928977226,vehicle,night,rainy,0
rocket,34.6055690617378,65.78081280353469,vehicle,night,foggy,0
artillery,81.66768626090472,179.15933997282912,vehicle,day,foggy,1
mortar,8.93136979208284,258.63184997172635,building,day,clear,0
mortar,89.58684894999223,438.36903709573613,vehicle,night,foggy,3
artillery,55.21164523921989,251.83782436665814,building,day,snowy,3
aviation,81.91247922628688,354.1067953555155,building,day,foggy,0
aviation,45.77951016731171,496.4802511095445,vehicle,day,rainy,3
artillery,64.71419182445598,74.42966875001099,vehicle,day,foggy,0
artillery,53.11386343267521,144.61844750456456,building,day,clear,1
mortar,73.42736265377786,203.34227704284675,building,day,rainy,3
aviation,9.081368221028368,216.69580748402737,personnel,day,rainy,3
artillery,6.974856315065816,211.40032688011743,building,night,clear,0
mortar,25.463220167004497,454.72939125271193,personnel,day,snowy,3
aviation,16.794923331205645,359.87599578875967,personnel,night,rainy,2
rocket,87.30657309262797,307.87355490444486,personnel,night,snowy,1
mortar,22.70218474844639,161.59263175276322,vehicle,night,rainy,1
aviation,97.610660326094,413.6572882684344,vehicle,day,rainy,3
aviation,34.352683385339574,477.97965062764456,building,day,snowy,3
mortar,19.02967365318123,412.387158449611,personnel,night,rainy,2
rocket,79.18015220710544,10.766901543821723,vehicle,day,snowy,2
mortar,66.21206977458674,321.8366713898694,vehicle,night,clear,3
aviation,50.32137592886076,35.056336906629355,vehicle,day,snowy,3
artillery,55.98099154282549,136.2275379635237,vehicle,day,clear,2
artillery,72.20097604895412,39.167103170408126,vehicle,night,rainy,0
mortar,23.617019391798575,305.8597719452,personnel,night,snowy,2
aviation,99.63705768961745,346.42905761137735,personnel,night,rainy,0
artillery,97.50452305253152,66.09894265229352,personnel,day,snowy,1
aviation,65.38224294834676,198.08105269203995,personnel,night,clear,1
mortar,20.754702641985368,233.55588938821558,building,day,clear,2
artillery,68.34259600069784,190.83598066284912,personnel,day,snowy,0
aviation,8.14764248893841,69.3022502377446,vehicle,day,clear,2
artillery,4.0345977183748,215.28441719186296,personnel,night,rainy,2
mortar,26.510605962610153,378.0772434261249,building,night,rainy,0
aviation,46.799672717192315,44.793755621295176,vehicle,night,foggy,2
artillery,86.95897803542967,49.28820690013269,personnel,day,clear,1
mortar,72.98973790686449,183.83793299963227,personnel,day,rainy,3
artillery,74.52794559879813,471.44559869327327,personnel,night,snowy,3
artillery,43.12384011035946,337.60059689422786,vehicle,day,clear,2
rocket,35.24756426214933,342.54827876955676,vehicle,day,rainy,0
rocket,37.73283753547567,187.34079551055385,building,night,clear,0
mortar,98.77730680986973,300.8937876921838,vehicle,night,snowy,1
rocket,4.970809949835766,14.964280173594256,vehicle,night,rainy,0
mortar,86.8361181161224,321.6870627406757,personnel,day,foggy,0
rocket,58.28886544866695,457.510604312356,vehicle,day,foggy,1
artillery,44.42292649976945,310.1609994889614,personnel,day,clear,2
mortar,72.80050838109851,438.11231079850904,personnel,day,snowy,3
mortar,49.18022520104558,364.746797178386,vehicle,day,rainy,1
artillery,87.4689005700844,69.07362403780823,building,night,snowy,2
mortar,90.1694845371146,452.20212057006245,building,day,rainy,1
mortar,42.750371760472085,42.55748373432969,vehicle,day,clear,2
rocket,28.405951926270106,271.64406154840424,building,day,rainy,1
mortar,59.64268253074286,79.64719065879426,personnel,night,snowy,2
aviation,91.3239712160524,15.736239258142993,personnel,night,snowy,1
artillery,21.85555671156099,216.7967874625431,vehicle,night,clear,2
rocket,62.67369177278479,154.56994675053656,building,day,snowy,1
rocket,63.52446178915953,248.14024196082548,building,night,rainy,3
aviation,73.57818921911282,292.8279444999299,personnel,night,clear,3
artillery,14.02520082759872,31.432145431384207,vehicle,night,rainy,0
artillery,71.86667150352677,70.27161461063537,building,day,snowy,2
rocket,90.99421954589846,283.73477426070843,vehicle,night,clear,1
mortar,18.788627778153955,178.15200305460255,building,day,rainy,2
rocket,24.516789167463887,367.2950088992295,personnel,day,snowy,3
artillery,97.16811431012232,329.62290781005044,personnel,night,snowy,2
aviation,18.916718318239486,424.34613786505435,vehicle,day,foggy,1
rocket,85.58412424358833,349.3214850679204,personnel,night,snowy,2
artillery,49.73550778835544,220.66622792117258,building,day,rainy,1
rocket,25.475876365914527,339.7536449732719,personnel,night,clear,3
mortar,87.20424022597862,144.93677538515507,vehicle,night,foggy,3
rocket,45.08522024526388,160.0936144013242,vehicle,night,snowy,3
rocket,51.96691803903933,396.6027283611887,vehicle,day,snowy,0
artillery,36.564103570576805,228.74556303677525,building,night,snowy,3
artillery,59.70213429205781,401.20636685399273,building,day,rainy,2
artillery,17.188863385917255,412.9869630974564,building,night,foggy,0
rocket,39.71707212852431,430.20554545402905,building,day,rainy,3
mortar,96.97181991119346,459.1512655621916,building,day,foggy,2
aviation,26.555209837411628,221.18275805151515,personnel,night,clear,2
aviation,66.01692978958793,166.24474097735802,building,night,rainy,2
artillery,33.193816358244796,295.2773858311158,building,night,rainy,1
artillery,77.57383944297347,191.8744874844375,personnel,night,clear,0
rocket,13.956492411116633,304.52634173211413,building,night,foggy,2
aviation,97.01228346277593,355.73707269547407,vehicle,day,snowy,1
artillery,45.92516459698029,347.31845906114705,building,night,clear,3
mortar,24.36899587129993,193.53091463985947,building,night,snowy,2
mortar,8.276177985671254,91.76149883238888,vehicle,day,snowy,1
artillery,17.806032603666534,220.9593758464817,vehicle,night,clear,2
artillery,52.45762090704575,79.87113060013527,vehicle,night,foggy,0
aviation,34.36331446669735,446.1475472400661,vehicle,day,snowy,0
aviation,83.05945322237834,179.47995576155014,building,night,clear,3
rocket,43.65786484251879,85.68527613942865,vehicle,night,rainy,2
aviation,25.62271298617536,22.46940235381793,vehicle,night,rainy,1
mortar,62.09735367379898,326.45296928037726,personnel,day,rainy,3
mortar,70.97094447165914,322.0821355528242,vehicle,night,clear,2
artillery,17.537148882194035,176.89604162483292,vehicle,day,rainy,3
aviation,17.59430241254345,45.13882553534899,personnel,night,snowy,1
rocket,4.630471266420754,210.71815849866368,personnel,day,rainy,3
mortar,73.9037994914984,162.49657258106285,building,night,rainy,3
mortar,66.7166482345587,341.7891134701546,personnel,day,snowy,3
rocket,47.98845669923158,306.8318322318183,building,day,rainy,2
rocket,84.57287444795051,188.6509268167946,personnel,day,snowy,1
mortar,80.76134514205526,116.76735158494515,personnel,day,rainy,0
mortar,58.95008207527846,494.13762341624,building,day,snowy,2
rocket,86.9588567708126,232.4607943860963,personnel,day,rainy,0
mortar,21.378279793640058,347.25437553231615,building,night,snowy,0
artillery,12.08004232037506,78.87095411339678,personnel,night,clear,2
artillery,27.70521154018197,247.93895283310493,vehicle,day,snowy,2
rocket,6.651598752842171,23.49299273603809,personnel,day,rainy,1
aviation,53.58578327210217,257.67300777612047,building,day,rainy,1
rocket,93.72396353720119,482.36852948767415,personnel,day,foggy,3
rocket,4.895010526182455,198.26128936304212,building,night,snowy,0
aviation,13.088881486992653,29.108046161706678,building,day,clear,1
aviation,45.76770380006009,25.168337550478327,vehicle,night,snowy,3
aviation,93.45362673526259,200.11351237396605,vehicle,night,snowy,1
artillery,32.2994543926983,88.41221886696508,building,day,clear,2
mortar,51.21624606015085,21.442527200811096,personnel,day,snowy,1
artillery,5.115713045988818,380.54467083558666,building,night,clear,0
mortar,15.685976895246798,234.67627435212643,building,night,clear,1
artillery,98.67638217292584,151.72993826660073,personnel,day,snowy,0
mortar,96.5467509471685,451.0407596780756,personnel,day,snowy,2
artillery,1.489058112506552,66.90809049825755,personnel,day,rainy,0
aviation,95.22936675690066,478.4002261881064,personnel,night,rainy,1
rocket,64.27287384373454,163.84369151490287,building,night,foggy,3
artillery,86.9239111574822,445.3177994312538,building,day,foggy,2
mortar,46.01924570775205,305.4420094749361,vehicle,night,snowy,1
aviation,52.044006829345776,415.08660627332887,building,night,clear,2
artillery,49.3958114454351,492.1664499731275,personnel,day,foggy,2
artillery,67.01956149706433,151.3186645311854,vehicle,day,snowy,1
aviation,14.825474220874977,480.95638784972056,personnel,night,foggy,1
artillery,3.9673853973951174,200.84612850218596,building,night,clear,3
rocket,31.4850642175279,198.90083332109194,vehicle,day,snowy,2
artillery,70.76339551092802,176.78968108470778,personnel,day,clear,2
rocket,20.983491760171887,275.2897276003167,vehicle,day,snowy,1
rocket,67.66981089916682,85.53107115745868,vehicle,day,foggy,0
aviation,97.02129256461977,281.3186278254255,building,day,rainy,1
artillery,10.29617086315242,275.43535808090195,personnel,night,foggy,2
aviation,67.5876097042875,383.3318881763863,vehicle,night,foggy,1
artillery,44.93127171115254,418.48848134941693,vehicle,night,rainy,3
artillery,86.94608318337303,225.8162616530878,personnel,night,rainy,0
mortar,18.537829155291206,158.14329218223193,vehicle,day,snowy,1
artillery,69.56996927039029,137.0740996853763,vehicle,day,snowy,3
aviation,83.97341367516292,105.36567998538725,vehicle,day,clear,2
rocket,94.5168077279283,38.24731527752219,personnel,night,clear,1
artillery,68.64155480067494,177.79950962900955,personnel,night,foggy,2
mortar,50.2203016368343,142.4213691440838,personnel,night,rainy,3
aviation,62.16687677992017,483.5445190745396,personnel,day,clear,2
artillery,87.0215934633931,283.27732486252154,building,night,foggy,3
aviation,57.490364917244136,180.1657491249487,vehicle,day,rainy,3
mortar,4.0083189099868495,294.429124486911,personnel,day,snowy,3
mortar,93.1639208551908,78.2063836593908,vehicle,day,foggy,1
aviation,69.26314835212455,227.58143710907942,vehicle,day,snowy,2
artillery,67.9748251919474,316.8548174963213,building,day,clear,2
rocket,22.351840087374,249.55993757830117,personnel,day,clear,0
mortar,66.22966155303307,206.87161232061888,personnel,night,rainy,0
artillery,39.99257615976169,496.9857105608521,vehicle,day,foggy,0
artillery,65.47206472710772,441.35423345297426,personnel,day,snowy,0
rocket,11.552710000491082,315.4689194981257,vehicle,night,rainy,2
mortar,66.12668515570057,288.99490697931856,vehicle,day,clear,3
mortar,99.941958851296,314.1236351140462,building,night,clear,3
artillery,5.772991847195047,108.64293283299229,building,night,foggy,1
artillery,97.74024423791042,203.61749419951613,building,night,snowy,3
rocket,41.28388811156419,29.335171116540664,vehicle,day,foggy,2
rocket,87.20459158338866,243.01755836854505,personnel,day,snowy,2
mortar,78.45616292176908,276.08204613925494,building,night,snowy,2
aviation,57.13460983768011,121.5973706905727,personnel,day,foggy,1
mortar,74.10647171588133,482.37413511110174,building,day,rainy,0
artillery,87.97304056883344,455.6327593592486,building,night,foggy,3
mortar,41.009891843452266,363.85018537339386,vehicle,night,foggy,2
aviation,33.37628299476063,271.3594480950277,building,day,clear,2
rocket,67.0917451707949,436.2848882273656,building,night,clear,0
aviation,80.9767482521846,74.01964847349683,vehicle,night,foggy,2
aviation,76.46622834288496,397.3497991946937,personnel,night,foggy,3
aviation,79.98355123700482,71.16219884375568,building,day,clear,1
rocket,44.12274816648036,399.16322464920864,vehicle,day,snowy,2
aviation,81.96558740132714,145.1261084431649,building,day,foggy,3
aviation,12.900696481690236,439.77438469891257,vehicle,night,rainy,2
aviation,54.904420698124106,472.58062597444496,personnel,day,rainy,0
artillery,1.5701073893140354,82.91002500850666,personnel,night,rainy,2
aviation,33.13399716012676,236.71104648204283,vehicle,day,foggy,2
rocket,37.27969195226839,490.6838152997157,vehicle,day,snowy,1
aviation,40.22109646931629,246.86964362684185,vehicle,night,snowy,0
aviation,69.85125346229636,433.1382860321271,personnel,day,clear,0
rocket,39.467252025764225,298.4784458443467,building,night,foggy,1
aviation,45.420668639630534,193.9116548806049,personnel,day,snowy,2
rocket,24.51686895655842,150.0339422076764,vehicle,day,foggy,3
aviation,37.95192737130467,109.57931463218276,vehicle,night,clear,0
rocket,23.499693099051996,383.2811137750716,personnel,night,clear,0
aviation,8.24639645307592,199.40484834328365,vehicle,night,clear,2
aviation,60.741410744756415,260.5249764783681,personnel,day,rainy,2
artillery,67.15306705694661,251.23948520057914,vehicle,day,foggy,0
artillery,62.329544254951834,292.8667243242343,building,day,clear,2
aviation,46.885910336256664,434.1328013560306,building,night,foggy,3
aviation,38.59879223774375,490.5622783558804,vehicle,night,rainy,0
mortar,86.4700313076107,209.7162622011703,personnel,night,rainy,3
